model_name	Male names and Female names wrt rationality and emotionality	Male names and Female names wrt technical and humanitarian	Male names and Female names wrt intelligence and appearence	Male names and Female names wrt career and family	Male names and Female names wrt science and arts	Male names and Female names wrt strength and weakness
ruwikirus	0.3812650725866357	0.1192232353205327	0.9615459322984166	0.7486157875508073	0.19520751152886084	0.5326479837143172
news_upos	0.39747606679641956	0.16603561032388825	0.3014261916772848	0.7633824276737866	0.12205875259824128	0.26077073874572904
ruscorpora_upos	0.6307446655778525	0.15776736770931166	1.5677519408054652	1.5576673782896249	0.5514849333267191	0.7173020868794994
tayga	0.2929958039409636	0.41261781062348746	0.8962912561152789	0.7132378030568365	0.12709299817215652	0.4348955732226993
araneum	0.44438512960914545	0.3054181137122214	0.8755726714015883	0.35021940255537576	0.016070588771253558	0.4446731173795545
web_upos	0.48457931291029244	0.127688536682399	1.2364391696995454	0.7657902530860161	0.11540200802264766	0.6586653641683773
geowac_tok_fasttext	0.5574285183257113	0.20814977872318452	0.9067673158201882	-0.13892690725624535	-0.06894585574045786	-0.1358400207633774
geowac_lem_fasttext	0.4535057536947229	0.09209423058200628	0.9449230638497017	0.27009580321610027	0.09460990177467488	0.3780638895307977
